,ResnetPredictions,VGG99,Xception
count,102.0,102.0,102.0
mean,0.7994570713125023,0.7672185773650805,0.8070836065738809
std,0.20263031401241033,0.23309490402965857,0.18237448402515455
min,0.2370895594358444,0.14915432035923004,0.2478111833333969
25%,0.6639368534088135,0.604335144162178,0.7546988725662231
50%,0.8786175549030304,0.8415250778198242,0.8670459389686584
75%,0.9763169139623641,0.9601132869720459,0.9381469786167145
max,0.9999608993530272,0.9999934434890748,0.9930089712142944
